x,y
drhtanje,2
osobnost,1
kikiriki,0
uzde,2
šteta,1
poezija,1
pristanište,0
supermarket,0
test,0
okolnosti,2
jezik,0
grb,0
zdravica,1
lavež,0
metafora,1
sveučilište,2
raj,0
patka,1
odmor,0
limenka,1
gavran,0
crvendać,0
zlostavljanje,2
šupa,1
kost,1
oprost,0
kapela,1
pozicija,1
gađenje,2
ispad,0
ulica,1
dan,0
omiljeni,0
pastrva,1
sudac,0
dijalog,0
tenisice,2
ljubomora,1
ormar,0
nož,0
riža,1
vikend,0
kocka,1
ovce,2
hrast,0
vrlina,1
nakit,0
prijatelj,0
kupnja,1
grčki,0
disk,0
šutnja,1
pisac,0
krug,0
bradavica,1
kauboj,0
rezervacija,1
astronaut,0
kartica,1
orgulje,2
vuna,1
izdaja,1
kolekcija,1
opsesija,1
vrba,1
ček,0
ratnik,0
međuvrijeme,2
sluh,0
klaun,0
rudar,0
pauk,0
parfem,0
otpad,0
isječak,0
poster,0
ožujak,0
gležanj,0
ekonomija,1
lasta,1
sprej,0
pero,2
hak,0
dobrota,1
hram,0
bijela,1
škola,1
oklada,1
dječače,0
pločica,1
ciganin,0
dobar,0
zaključak,0
šupljina,1
mjed,0
vizija,1
brašno,2
čuđenje,2
vulkan,0
navika,1
dvojnik,0
satelit,0
direktor,0
osjećaj,0
hladnoća,1
unuka,1
isporuka,1
kombinacija,1
iznimka,1
krhotine,2
limun,0
trbuh,0
pristanak,0
sloboda,1
vojvoda,0
istok,0
tempo,0
svijeća,1
zraka,1
dužnost,1
podlaktica,1
pregača,1
džem,0
deblo,2
igrač,0
recept,0
jantar,0
nevinost,1
dokaz,0
oklop,0
boca,1
pitanje,2
smeće,2
tenk,0
naočale,2
čvor,0
treperenje,2
zbor,0
zapovjednik,0
ranč,0
prorez,0
prekidač,0
inženjer,0
drvo,2
rečenica,1
riba,1
motor,0
ukus,0
majica,1
mozak,0
umor,0
ventilacija,1
namaz,0
trijem,0
koktel,0
torta,1
izbjeglica,1
uspon,0
cilindar,0
osmijeh,0
wc,0
plaća,1
prtljaga,1
izvor,0
razina,1
bedro,2
košulja,1
baka,1
izgled,0
pumpa,1
penis,0
crna,1
senator,0
đumbir,0
košarka,1
lik,0
dahtanje,2
radar,0
kvržica,1
mlijeko,2
narednik,0
more,2
predgrađe,2
poruke,2
iskra,1
tele,2
puška,1
gubitnik,0
glazba,1
prostor,0
dijagram,0
kaput,0
pelena,1
rutina,1
idiot,0
plastika,1
redovnik,0
ilustracija,1
konzola,1
gutljaj,0
istina,1
zaliha,1
inspekcija,1
čin,0
ključ,0
rana,1
zadovoljstvo,2
profil,0
cigara,1
cijena,1
štand,0
golotinja,1
strah,0
konferencija,1
ogrtač,0
ugovor,0
neovisnost,1
džemper,0
posjet,0
knjižara,1
kolekcionar,0
ruta,1
barijera,1
dom,0
savršenstvo,2
seminar,0
kiša,1
brada,1
izjava,1
stroj,0
maksimum,0
poštovanje,2
zapad,0
štala,1
poslodavac,0
galerija,1
imovina,1
limeta,1
zagrljaj,0
poruka,1
palma,1
pravila,1
robot,0
uspjeh,0
želudac,0
kostim,0
simbol,0
kontura,1
lubanja,1
pipak,0
palica,1
glasina,1
poslijepodne,2
životinja,1
rakija,1
početak,0
farmer,0
šešir,0
ton,0
metal,0
čestica,1
šapat,0
umak,0
uragan,0
porez,0
percepcija,1
komentar,0
šuma,1
mišić,0
dickens,0
kreten,0
sapun,0
štene,2
odijelo,2
povlačenje,2
cvijet,0
obožavatelj,0
susjed,0
san,0
naušnica,1
otpor,0
dizalica,1
korpus,0
proslava,1
svinjetina,1
ruksak,0
željeznica,1
ulaganje,2
klan,0
istraživanje,2
vjenčanje,2
kći,1
okruženje,2
globus,0
e-pošta,1
poglavlje,2
kredit,0
unuk,0
opći,0
sir,0
pljuvačka,1
lijeva,1
ambicija,1
pustinja,1
terapeut,0
plač,0
planet,0
žaba,1
bljesak,0
šupak,0
bijes,0
konobar,0
agent,0
oglas,0
blagoslov,0
sunce,2
pucanje,2
zračenje,2
avion,0
granit,0
zavjet,0
trijumf,0
rodbina,1
kit,0
nagrada,1
narukvica,1
hodnik,0
kašnjenje,2
liječnik,0
dizajner,0
turneja,1
crijeva,1
dijamant,0
pobjednik,0
nalet,0
ribolov,0
pažnja,1
slatkoća,1
kaciga,1
populacija,1
puretina,1
prerija,1
naknada,1
stopalo,2
sudnica,1
rječnik,0
konvencija,1
trag,0
tim,0
tvornica,1
veterinar,0
krajolik,0
radnja,1
orbita,1
flota,1
koža,1
molitva,1
emocija,1
plivanje,2
autobus,0
dalekozor,0
divljina,1
uvreda,1
pobuna,1
bušilica,1
komunikacija,1
republika,1
palačinka,1
značajka,1
heroj,0
apartman,0
poplava,1
rez,0
žalba,1
kutija,1
potkrovlje,2
zasljepljivanje,2
namještaj,0
centar,0
volonter,0
ruševine,2
argument,0
glasnik,0
panj,0
šok,0
japanski,0
slog,0
desert,0
strpljenje,2
buntovnik,0
krema,1
uvezivanje,2
stres,0
češalj,0
pozornica,1
razlog,0
ulov,0
vječnost,1
studije,2
situacija,1
nevolja,1
zaljev,0
jastreb,0
mržnja,1
žetva,1
rupa,1
mrkva,1
pločnik,0
brzina,1
grašak,0
opcija,1
dina,1
opis,0
carter,0
policija,1
vlasište,2
autoritet,0
tepih,0
ironija,1
linija,1
pidžama,1
igra,1
zona,1
novčanik,0
ugljen,0
crtež,0
crv,0
podrijetlo,2
rezerva,1
zaposlenik,0
kip,0
ritual,0
napetost,1
humor,0
vježba,1
motocikl,0
krov,0
tvrtka,1
gunđanje,2
menadžment,0
klub,0
preživjeli,0
pila,1
teret,0
jecanje,2
mapa,1
batler,0
čudo,2
film,0
zima,1
intimnost,1
glas,0
ud,0
briga,1
breza,1
terminal,0
set,0
stolica,1
pogodnost,1
zid,0
muzej,0
talijanski,0
kafeterija,1
sendvič,0
zahtjev,0
govedina,1
radio,0
krv,1
puder,0
vještica,1
hostel,0
biskup,0
post,0
znanstvenik,0
olovka,1
zadruga,1
svetac,0
struk,0
izvješće,2
pojas,0
rat,0
močvara,1
stanje,2
glad,1
patrola,1
stražnjica,1
let,0
moda,1
moć,1
akcija,1
odjeljak,0
ruka,1
nadređeni,0
jasmin,0
tijesto,2
strehe,2
iscrpljenost,1
zbroj,0
raspored,0
pukotina,1
flanel,0
čistač,0
simptom,0
težina,1
sin,0
rampa,1
rudnik,0
rabin,0
instinkt,0
zmaj,0
podružnica,1
vožnja,1
modrica,1
vjeverica,1
gusar,0
disciplina,1
prebivalište,2
interes,0
glavobolja,1
primjerak,0
opera,1
ploča,1
stabljika,1
mlin,0
profesija,1
vatra,1
saldo,0
slika,1
prikolica,1
povrće,2
shema,1
limuzina,1
operacija,1
oko,2
glazbenik,0
shake,0
špijun,0
tržnica,1
ljubimac,0
uzorak,0
agonija,1
dopuštenje,2
softver,0
umjetnost,1
bolest,1
pojedinac,0
bik,0
dio,0
saveznik,0
primjer,0
kist,0
mirovina,1
oluja,1
ćelija,1
peciva,1
utičnica,1
način,0
plin,0
reket,0
šminka,1
klaster,0
stinger,0
okrug,0
slučajnost,1
jakna,1
roman,0
pripovjedač,0
kovrča,1
groblje,2
kljun,0
stranac,0
razmišljanje,2
strahopoštovanje,2
gorivo,2
škare,2
trg,0
zdjela,1
nos,0
kopito,2
slavlje,2
posada,1
identitet,0
lopta,1
akademija,1
živac,0
mama,1
vojnik,0
smjena,1
prodavač,0
nutrina,1
hrpa,1
mačić,0
drhtaj,0
til,0
instrument,0
cement,0
lijek,0
pamćenje,2
mason,0
misa,1
fotograf,0
najam,0
trešnja,1
optužba,1
breskva,1
pouf,0
zapažanje,2
naselje,2
buđenje,2
travnjak,0
talac,0
slajd,0
kritičar,0
cipela,1
salata,1
mišljenje,2
tehnologija,1
čeljust,1
asteroid,0
objašnjenje,2
marker,0
slabost,1
vaza,1
katedrala,1
majka,1
završetak,0
eksplozija,1
ured,0
zabava,1
kuhanje,2
ponoć,1
labud,0
udruga,1
otrov,0
oružje,2
pljesak,0
značenje,2
tkivo,2
boja,1
poraz,0
dosje,0
zvonjenje,2
znanje,2
srebro,2
sladoled,0
koncert,0
steam,0
teta,1
bit,1
hvala,1
kazna,1
korov,0
prijestolje,2
nadimak,0
broj,0
koljeno,2
lovor,0
detalj,0
tata,0
rodni,0
bazen,0
operater,0
šapa,1
menstruacija,1
kabina,1
mjerenje,2
zavijanje,2
odsutnost,1
guska,1
tjelohranitelj,0
razgovor,0
pomoćnik,0
ljeto,2
viski,0
perika,1
lav,0
bolnica,1
ožiljak,0
dolina,1
iskustvo,2
uskrs,0
proizvođač,0
bivol,0
vreća,1
recepcionarka,1
avenija,1
surfanje,2
oproštaj,0
starješina,0
slon,0
preokret,0
fotografija,1
mjesto,2
trgovanje,2
mladost,1
upravljanje,2
pokret,0
leptir,0
mak,0
izdavač,0
nevjerica,1
semestar,0
plaža,1
bogatstvo,2
mjehur,0
ogorčenost,1
cedar,0
drama,1
tip,0
alternativa,1
večer,1
ribar,0
pupoljak,0
pogled,0
slavina,1
prolaznik,0
lokacija,1
futrola,1
publika,1
prijevoz,0
trčanje,2
svemir,0
patnja,1
značka,1
metla,1
sranje,2
tečaj,0
sijeno,2
stranica,1
tv,0
strategija,1
papuča,1
kraj,0
kanu,0
administracija,1
dnk,0
leglo,2
neznanje,2
stanarina,1
spasenje,2
vrabac,0
iščekivanje,2
piknik,0
potisak,0
pamuk,0
sudoper,0
prsten,0
stipendija,1
opasnost,1
živica,1
autocesta,1
jazbina,1
mreža,1
ponos,0
putovanje,2
sedlo,2
špil,0
borac,0
mačka,1
ponuda,1
javor,0
držanje,2
kazalište,2
gospođica,1
rog,0
kašalj,0
veo,0
parkiralište,2
lutka,1
provizija,1
ciklus,0
mikrofon,0
drug,0
klanac,0
smaragd,0
uvjerenje,2
prilika,1
potres,0
šetnja,1
mig,0
glumac,0
šarka,1
privlačnost,1
ustanova,1
šansa,1
teren,0
kraljevstvo,2
carstvo,2
jelo,2
barmen,0
konkurencija,1
gesta,1
biljka,1
promet,0
đon,0
gospodar,0
očaj,0
oznaka,1
novčić,0
tunika,1
postupak,0
propovjednik,0
dostojanstvo,2
resurs,0
grmljavina,1
kravata,1
raketa,1
kralju,0
uvod,0
rupčić,0
mehaničar,0
miš,0
okvir,0
doba,2
prijateljstvo,2
večera,1
farma,1
cigareta,1
klik,0
metoda,1
kanta,1
aranžman,0
jagoda,1
upotreba,1
samoubojstvo,2
ponašanje,2
gljiva,1
kukuruz,0
fenomen,0
miris,0
vršnjak,0
poza,1
skok,0
album,0
terapija,1
zmija,1
slijepa,1
kapsula,1
zgrada,1
mast,1
kostur,0
povjerenje,2
dolje,0
gravitacija,1
suza,1
kontinent,0
neugodnost,1
mađioničar,0
balon,0
platforma,1
scenarij,0
intervju,0
pile,2
krtica,1
grupa,1
tigar,0
napad,0
zvono,2
glava,1
priroda,1
mlinar,0
blok,0
udio,0
red,0
aroma,1
otvor,0
tuga,1
žrtva,1
diplomant,0
tjedan,0
zdravlje,2
planina,1
iritacija,1
čelo,2
veličina,1
pčela,1
zakrpa,1
ruski,0
bach,0
ubojstvo,2
koliba,1
kauč,0
cijeli,0
generator,0
izviđač,0
učionica,1
praznina,1
bože,0
zločinac,0
afera,1
prihod,0
cura,1
trgovac,0
poručnik,0
biblija,1
kasino,0
šetač,0
klavir,0
usklađenost,1
dobitak,0
uzbuđenje,2
rođendan,0
objava,1
sigurnost,1
izmaglica,1
kontakt,0
brijač,0
matematika,1
omotnica,1
prasak,0
odrezak,0
licenca,1
tvrđava,1
status,0
torba,1
vještina,1
streif,0
grudnjak,0
kisik,0
tuš,0
um,0
rubnik,0
flauta,1
otac,0
zagonetka,1
pacijent,0
obala,1
uzašašće,2
rad,0
puls,0
nesreća,1
shuttle,0
kurac,0
prijava,1
fizika,1
scena,1
gumb,0
muž,0
religija,1
zeko,0
kukac,0
preplanulost,1
ljudskost,1
trol,0
sjedenje,2
naklonost,1
inspiracija,1
genij,0
pretraga,1
grob,0
osovina,1
dupin,0
žarulja,1
otkriće,2
zamah,0
rezultat,0
skuter,0
pristup,0
lakat,0
utrka,1
ljuska,1
propusnost,1
gaćice,2
peć,1
aluminij,0
razred,0
šumarak,0
struktura,1
verzija,1
tajming,0
piramida,1
deka,1
kolačić,0
pub,0
blato,2
reporter,0
posao,0
jutro,2
vjera,1
banka,1
knjižnica,1
šljunak,0
članak,0
laž,1
džungla,1
kiselost,1
kućanstvo,2
procvat,0
užas,0
labirint,0
zamjenik,0
ormarić,0
letenje,2
mrštenje,2
garderoba,1
menadžer,0
osoblje,2
smeđa,1
presuda,1
opseg,0
ljubaznost,1
rogoz,0
mudrost,1
očekivanja,1
problem,0
izlaz,0
hodočasnik,0
maternica,1
ideja,1
kontekst,0
snimač,0
žurba,1
galaksija,1
kvaliteta,1
svjedok,0
duša,1
kaos,0
diploma,1
načelo,2
dijete,2
riječ,1
pokrivenost,1
esej,0
talent,0
rob,0
tkanina,1
kutak,0
ruby,0
komarac,0
bora,1
plemstvo,2
štakor,0
plesačica,1
oblak,0
rub,0
književnost,1
uho,2
vijak,0
zvučnik,0
krater,0
cimer,0
apetit,0
odlazak,0
crkva,1
trupa,1
poznanik,0
pilula,1
crnina,1
papirologija,1
lovac,0
kraljice,1
proizvod,0
splet,0
auto,0
pjevušenje,2
dim,0
žlica,1
kolega,0
pahuljica,1
element,0
terorist,0
vena,1
sadržaj,0
traka,1
vino,2
dvorana,1
knjiga,1
ljiljan,0
pleme,2
duhan,0
jedinica,1
materijal,0
uže,2
grof,0
duga,1
razlomak,0
slijetanje,2
detektiv,0
kapa,1
predsjednik,0
intenzitet,0
dušo,0
količina,1
ladica,1
krumpir,0
ogledalo,2
vosak,0
kočnica,1
bundeva,1
perspektiva,1
zastava,1
laser,0
kongres,0
ruža,1
impuls,0
kočija,1
tanjur,0
